"Horodateur","√áa va ?","Quel type de musique √©coutez vous le plus ? ","Depuis combien de temps √©coutez-vous le style choisi ?","Quel autre type de musique √©coutez vous ? (Non obligatoire)","Suite √† la question pr√©c√©dente, depuis combien de temps √©coutez-vous le deuxi√®me style choisi s'il existe ?","Sur quelle plateforme √©coutez vous de la musique ?","Sur quel support √©coutez vous de la musique ?","Durant combien de temps √©coutez vous de la musique par semaine ?","√ätes-vous un homme ou une femme ?","Avant d'arriver aux Mines d'Al√®s, quel type d'√©tablissement scolaire fr√©quentiez-vous ?","Quel est votre GPA ? (√† 0.1 pr√®s, les deux chiffres s√©par√©s par un point)","Pratiquez vous du sport et/ou jouez vous de la musique ?","En dehors des p√©riodes scolaires, habitez-vous en zone rurale ou urbaine ?","√ätes-vous boursier ?"
"2020/02/04 5:19:09 PM UTC+1","Oui","Rock/Metal","Depuis ma prime jeunesse","Bandes originales de films/jeux vid√©os","Depuis ma prime jeunesse","Achat d'albums physiques / d√©mat√©rialis√©s","Casque audio","Plus de 8 heures","Homme","CPGE","3.2","Je joue d'un instrument","1","Oui"
"2020/02/04 5:20:09 PM UTC+1","Oui","Jazz","Depuis ma prime jeunesse","Rap/Musique de type street","Depuis le lyc√©e","Plateforme plus vari√©e (YouTube, Soundcloud...)","√âcouteurs","Plus de 8 heures","Homme","DUT","3.0","Les deux","2","Non"
"2020/02/04 5:20:23 PM UTC+1","Oui","Psy trance ultra hard core","Depuis ma prime jeunesse","reggae dub psych√©delique","Depuis ma prime jeunesse","sur vinyle","sonographe","Plus de 8 heures","Homme","Master","3.1","Aucun des deux","2","Non"
"2020/02/04 5:20:27 PM UTC+1","Bien s√ªr","Techno / Acid","Depuis mon arriv√©e aux Mines d'Al√®s","Jazz","Depuis le lyc√©e","Plateforme de streaming classique (Spotify, Deezer, Apple Music...)","Enceinte","Plus de 8 heures","Homme","CPGE","2.9","Je joue d'un instrument","1","Non"
"2020/02/04 5:20:41 PM UTC+1","Oui","Jazz","Depuis l'entr√©e en √©tudes sup√©rieures","","","Plateforme plus vari√©e (YouTube, Soundcloud...)","Telephone","Entre 1 et 2 heures","Homme","CPGE","3.25","Je joue d'un instrument","3","Non"
"2020/02/04 5:20:47 PM UTC+1","Oui","Rap/Musique de type street","Depuis le coll√®ge","Rock/Metal","Depuis ma prime jeunesse","Plateforme plus vari√©e (YouTube, Soundcloud...)","Enceinte","Moins d'une heure","Femme","CPGE","2,75","Les deux","2","Non"
"2020/02/04 5:21:41 PM UTC+1","Oui","Pop/Commercial","Depuis ma prime jeunesse","Bandes originales de films/jeux vid√©os","Depuis le coll√®ge","Plateforme plus vari√©e (YouTube, Soundcloud...)","Voiture","Entre 4 et 8 heures","Femme","CPGE","3.7","Je fais du sport","2","Oui"
"2020/02/04 5:22:03 PM UTC+1","Oui","Pop/Commercial","Depuis l'entr√©e en √©tudes sup√©rieures","Rap/Musique de type street","Depuis le coll√®ge","Plateforme de streaming classique (Spotify, Deezer, Apple Music...)","Enceinte","Entre 4 et 8 heures","Femme","Fac","3.86 (eh ouais on est l√†)","Je fais du sport","1","Oui"
"2020/02/04 5:22:19 PM UTC+1","Oui","Rock/Metal","Depuis ma prime jeunesse","Jazz","Depuis l'entr√©e en √©tudes sup√©rieures","Plateforme de streaming classique (Spotify, Deezer, Apple Music...)","Casque audio","Plus de 8 heures","Homme","CPGE","2.85","Je fais du sport","2","Oui"
"2020/02/04 5:22:22 PM UTC+1","Bien s√ªr","Rock/Metal","Depuis l'entr√©e en √©tudes sup√©rieures","Sons de teuf","Depuis le lyc√©e","Plateforme plus vari√©e (YouTube, Soundcloud...)","Voiture","Entre 2 et 4 heures","Homme","CPGE","1a aucune id√©e","Je fais du sport","2","Oui"
"2020/02/04 5:22:30 PM UTC+1","Oui","Pop/Commercial","Depuis le coll√®ge","","","Plateforme plus vari√©e (YouTube, Soundcloud...)","Enceinte","Entre 4 et 8 heures","Homme","CPGE","3","Aucun des deux","2","Oui"
"2020/02/04 5:22:42 PM UTC+1","Oui","Pop/Commercial","Depuis le coll√®ge","Rock/Metal","Depuis le coll√®ge","Plateforme de streaming classique (Spotify, Deezer, Apple Music...)","tout ce qui est dit hihi","Entre 2 et 4 heures","Femme","CPGE","3.6","Je fais du sport","1","Non"
"2020/02/04 5:23:14 PM UTC+1","Oui","Pop/Commercial","Depuis le coll√®ge","Rock/Metal","Depuis le lyc√©e","Plateforme plus vari√©e (YouTube, Soundcloud...)","Les quatre","Plus de 8 heures","Femme","CPGE","3.7","Les deux","1","Non"
"2020/02/04 5:23:23 PM UTC+1","Bien s√ªr","Pop/Commercial","Depuis le coll√®ge","Musique √©lectronique","Depuis l'entr√©e en √©tudes sup√©rieures","Plateforme de streaming classique (Spotify, Deezer, Apple Music...)","√âcouteurs","Entre 1 et 2 heures","Femme","CPGE","3.3","Je joue d'un instrument","2","Oui"
"2020/02/04 5:23:24 PM UTC+1","Bien s√ªr","Pop/Commercial","Depuis ma prime jeunesse","","","Plateforme plus vari√©e (YouTube, Soundcloud...)","Casque audio","Moins d'une heure","Homme","CPGE","3.4","Je fais du sport","2","Non"
"2020/02/04 5:23:40 PM UTC+1","Oui","Musique √©lectronique","Depuis le coll√®ge","Rock/Metal","Depuis le lyc√©e","Plateforme de streaming classique (Spotify, Deezer, Apple Music...)","Casque audio","Plus de 8 heures","Homme","DUT","3.5","Je fais du sport","4","Je suis salari√©"
"2020/02/04 5:24:05 PM UTC+1","Bien s√ªr","Rap/Musique de type street","Depuis le lyc√©e","Rock/Metal","Depuis l'entr√©e en √©tudes sup√©rieures","Plateforme de streaming classique (Spotify, Deezer, Apple Music...)","Casque audio","Plus de 8 heures","Homme","CPGE","3,2","Les deux","3","Non"
"2020/02/04 5:24:20 PM UTC+1","Bien s√ªr","Rap/Musique de type street","Depuis l'entr√©e en √©tudes sup√©rieures","","","Plateforme de streaming classique (Spotify, Deezer, Apple Music...)","Casque audio","Entre 1 et 2 heures","Homme","CPGE","3.2","Aucun des deux","3","Non"
"2020/02/04 5:24:27 PM UTC+1","Bien s√ªr","Rock/Metal","Depuis le lyc√©e","Musique √©lectronique","Depuis l'entr√©e en √©tudes sup√©rieures","Plateforme plus vari√©e (YouTube, Soundcloud...)","Enceinte","Entre 1 et 2 heures","Homme","CPGE","3.6","Je fais du sport","3","Non"
"2020/02/04 5:24:27 PM UTC+1","Bien s√ªr","Pop/Commercial","Depuis ma prime jeunesse","Rap/Musique de type street","Depuis le lyc√©e","Plateforme plus vari√©e (YouTube, Soundcloud...)","√âcouteurs","Entre 2 et 4 heures","Homme","CPGE","3.1","Aucun des deux","4","Non"
"2020/02/04 5:24:29 PM UTC+1","Oui","Musique √©lectronique","Depuis le lyc√©e","Rap/Musique de type street","Depuis le lyc√©e","Plateforme de streaming classique (Spotify, Deezer, Apple Music...)","Casque audio","Entre 4 et 8 heures","Femme","CPGE","3","Les deux","2","Non"
"2020/02/04 5:25:28 PM UTC+1","Bien s√ªr","Rap/Musique de type street","Depuis le coll√®ge","Pop/Commercial","Depuis le lyc√©e","Plateforme de streaming classique (Spotify, Deezer, Apple Music...)","mon enceinte et mon casque audio de type bose √† r√©duction de bruit active hyper pratique que j'ai re√ßu √† noel il y a 3 ans je pense, mais je ne suis pas bien sur, je rev√©rifierais et je referais une r√©ponse au sondage","Plus de 8 heures","Homme","CPGE","eh bah alors on a oubli√© de forcer la case GPA √† √™tre un chiffre dis donc, √ßa c'est vraiment dommage, j'aimerais avoir √† traiter les r√©sultats de ce sondage ( j'ai trois virgule quatre de g√©p√©√§ bande de nazes)","Aucun des deux","1","Non"
"2020/02/04 5:25:29 PM UTC+1","Oui","Pop/Commercial","Depuis ma prime jeunesse","Rock/Metal","Depuis le lyc√©e","Plateforme de streaming classique (Spotify, Deezer, Apple Music...)","Enceinte","Plus de 8 heures","Femme","CPGE","3.3","Les deux","3","Oui"
"2020/02/04 5:25:48 PM UTC+1","Bien s√ªr","Rap/Musique de type street","Depuis le coll√®ge","Pop/Commercial","Depuis le coll√®ge","Plateforme de streaming classique (Spotify, Deezer, Apple Music...)","√âcouteurs","Entre 2 et 4 heures","Homme","CPGE","1A","Je fais du sport","2","Non"
"2020/02/04 5:26:15 PM UTC+1","Bien s√ªr","Rock/Metal","Depuis le coll√®ge","Bandes originales de films/jeux vid√©os","Depuis le coll√®ge","Plateforme plus vari√©e (YouTube, Soundcloud...)","Casque audio","Entre 4 et 8 heures","Femme","CPGE","3.2","Je joue d'un instrument","2","Oui"
"2020/02/04 5:27:47 PM UTC+1","Oui","Vive la d√©l√©gu√© Magali Arhainx !!!","Depuis le lyc√©e","Vive le d√©l√©gu√© Thomas Ioos !!!","Depuis l'entr√©e en √©tudes sup√©rieures","Je compose moi-m√™me pour plus de bonheur.","Les basses de la mazda sont les meilleures qui soient !!!","Entre 4 et 8 heures","Homme","CPGE","Beaucoup moins que la major de 2IA : Magali . Mais suffisamment pour goumer les personnes faisant japonais depuis 2ans #KeioUniversity <3","Je fais du sport","2","Non"
"2020/02/04 5:27:56 PM UTC+1","Bien s√ªr","Reggae","Depuis le lyc√©e","Rap/Musique de type street","Depuis le lyc√©e","Plateforme de streaming classique (Spotify, Deezer, Apple Music...)","Casque audio","Entre 4 et 8 heures","Homme","CPGE","3,2","Je fais du sport","4","Non"
"2020/02/04 5:28:31 PM UTC+1","Bien s√ªr","Rap/Musique de type street","Depuis le coll√®ge","Bandes originales de films/jeux vid√©os","Depuis ma prime jeunesse","Plateforme de streaming classique (Spotify, Deezer, Apple Music...)","√âcouteurs","Plus de 8 heures","Homme","CPGE","2.9","Je fais du sport","3","Oui"
"2020/02/04 5:28:45 PM UTC+1","Oui","Jazz","Depuis l'entr√©e en √©tudes sup√©rieures","Rock/Metal","Depuis le coll√®ge","Plateforme de streaming classique (Spotify, Deezer, Apple Music...)","Casque audio","Plus de 8 heures","Homme","DUT","3.05","Je joue d'un instrument","2","Oui"
"2020/02/04 5:29:38 PM UTC+1","Bien s√ªr","Pop/Commercial","Depuis ma prime jeunesse","Rock/Metal","Depuis ma prime jeunesse","Plateforme de streaming classique (Spotify, Deezer, Apple Music...)","Casque audio","Plus de 8 heures","Femme","CPGE","Je n‚Äôen ai pas encore","Les deux","4","Non"
"2020/02/04 5:29:46 PM UTC+1","Oui","Acoustique ","Depuis mon arriv√©e aux Mines d'Al√®s","Pop/Commercial","Depuis ma prime jeunesse","Achat d'albums physiques / d√©mat√©rialis√©s","Voiture","Entre 1 et 2 heures","Femme","CPGE","3.35","Aucun des deux","2","Oui"
"2020/02/04 5:31:18 PM UTC+1","Oui","Pop/Commercial","Depuis ma prime jeunesse","Musique √©lectronique","Depuis le lyc√©e","Plateforme de streaming classique (Spotify, Deezer, Apple Music...)","Both ","Plus de 8 heures","Homme","CPGE","3.3","Je fais du sport","4","Non"
"2020/02/04 5:32:16 PM UTC+1","Oui","Rap/Musique de type street","Depuis le lyc√©e","Pop/Commercial","Depuis ma prime jeunesse","Plateforme de streaming classique (Spotify, Deezer, Apple Music...)","Enceinte","Plus de 8 heures","Homme","CPGE","3.38","Je fais du sport","4","Non"
"2020/02/04 5:32:31 PM UTC+1","Bien s√ªr","Rock/Metal","Depuis le coll√®ge","Jazz","Depuis le lyc√©e","Plateforme plus vari√©e (YouTube, Soundcloud...)","Casque audio","Plus de 8 heures","Homme","CPGE","3....5","Aucun des deux","1","Non"
"2020/02/04 5:33:41 PM UTC+1","Oui","Pop/Commercial","Depuis ma prime jeunesse","√âlectro","Depuis le lyc√©e","Plateforme plus vari√©e (YouTube, Soundcloud...)","√âcouteurs","Plus de 8 heures","Homme","CPGE","Ne sais pas","Aucun des deux","1","Non"
"2020/02/04 5:35:12 PM UTC+1","Bien s√ªr","Rap/Musique de type street","Depuis le lyc√©e","Pop/Commercial","Depuis le lyc√©e","Plateforme de streaming classique (Spotify, Deezer, Apple Music...)","Enceinte","Entre 4 et 8 heures","Homme","CPGE","Je sais pas gros","Je fais du sport","4","Non"
"2020/02/04 5:35:29 PM UTC+1","Bien s√ªr","Pop/Commercial","Depuis le coll√®ge","Rap/Musique de type street","","Plateforme plus vari√©e (YouTube, Soundcloud...)","Enceinte","Entre 4 et 8 heures","Femme","CPGE","2.7","Je fais du sport","4","Non"
"2020/02/04 5:35:48 PM UTC+1","Oui","Rock/Metal","Depuis le coll√®ge","Pop/Commercial","Depuis le coll√®ge","Plateforme de streaming classique (Spotify, Deezer, Apple Music...)","Enceinte","Plus de 8 heures","Homme","CPGE","3.2","Les deux","3","Non"
"2020/02/04 5:36:02 PM UTC+1","Oui","Rock/Metal","Depuis le coll√®ge","Rap/Musique de type street","Depuis le coll√®ge","Plateforme de streaming classique (Spotify, Deezer, Apple Music...)","Casque audio","Entre 4 et 8 heures","Homme","CPGE","3.6","Je fais du sport","3","Non"
"2020/02/04 5:36:18 PM UTC+1","Bien s√ªr","Rap/Musique de type street","Depuis le coll√®ge","Pop/Commercial","Depuis ma prime jeunesse","Plateforme de streaming classique (Spotify, Deezer, Apple Music...)","√âcouteurs","Plus de 8 heures","Homme","DUT","3.5","Aucun des deux","2","Non"
"2020/02/04 5:38:33 PM UTC+1","Oui","Rap/Musique de type street","Depuis le coll√®ge","Musique √©lectronique","Depuis le coll√®ge","Plateforme de streaming classique (Spotify, Deezer, Apple Music...)","√âcouteurs","Entre 4 et 8 heures","Homme","CPGE","3.05","Je fais du sport","2","Non"
"2020/02/04 5:39:15 PM UTC+1","Oui","Reggae","Depuis le lyc√©e","Pop/Commercial","Depuis le coll√®ge","Plateforme plus vari√©e (YouTube, Soundcloud...)","Enceinte","Entre 4 et 8 heures","Femme","Fac","3.5","Je fais du sport","2","Oui"
"2020/02/04 5:42:35 PM UTC+1","Oui","Rock/Metal","Depuis le coll√®ge","Rap/Musique de type street","Depuis le lyc√©e","Plateforme de streaming classique (Spotify, Deezer, Apple Music...)","Enceinte","Entre 4 et 8 heures","Femme","CPGE","Toujours pas","Les deux","3","Non"
"2020/02/04 5:42:47 PM UTC+1","Oui","Rap/Musique de type street","Depuis l'entr√©e en √©tudes sup√©rieures","Rock/Metal","Depuis le coll√®ge","Plateforme de streaming classique (Spotify, Deezer, Apple Music...)","√âcouteurs","Entre 1 et 2 heures","Homme","CPGE","3.0","Je fais du sport","1","Oui"
"2020/02/04 5:44:59 PM UTC+1","Oui","Rock/Metal","Depuis le lyc√©e","Classique","Depuis le coll√®ge","Plateforme de streaming classique (Spotify, Deezer, Apple Music...)","√âcouteurs","Plus de 8 heures","Femme","CPGE","3.8","Aucun des deux","3","Non"
"2020/02/04 5:45:09 PM UTC+1","Bien s√ªr","Musique √©lectronique","Depuis le coll√®ge","Pop/Commercial","Depuis le lyc√©e","Plateforme de streaming classique (Spotify, Deezer, Apple Music...)","Enceinte","Entre 4 et 8 heures","Homme","CPGE","3point2","Je fais du sport","4","Non"
"2020/02/04 5:45:44 PM UTC+1","Bien s√ªr","Pop/Commercial","Depuis le lyc√©e","Rap/Musique de type street","Depuis l'entr√©e en √©tudes sup√©rieures","Plateforme de streaming classique (Spotify, Deezer, Apple Music...)","√âcouteurs","Entre 4 et 8 heures","Femme","CPGE","3.55","Je fais du sport","3","Non"
"2020/02/04 5:47:01 PM UTC+1","Oui","Rock/Metal","Depuis le coll√®ge","Bandes originales de films/jeux vid√©os","Depuis le coll√®ge","Plateforme de streaming classique (Spotify, Deezer, Apple Music...)","Enceinte","Plus de 8 heures","Homme","DUT","3.4","Les deux","2","Je suis salari√©"
"2020/02/04 5:47:06 PM UTC+1","Bien s√ªr","Rap/Musique de type street","Depuis le coll√®ge","Rock/Metal","Depuis ma prime jeunesse","Plateforme de streaming classique (Spotify, Deezer, Apple Music...)","Casque BOSE QC35 et dans ma 207 avec l‚Äôapple carplay car papa 1 a fait de moi un iencli","Entre 2 et 4 heures","Homme","CPGE","On l‚Äôa pas encore en 1A","Je fais du sport","2","Oui"
"2020/02/04 5:47:26 PM UTC+1","Bien s√ªr","Musique √©lectronique","Depuis le lyc√©e","Rock/Metal","Depuis le coll√®ge","Plateforme plus vari√©e (YouTube, Soundcloud...)","Casque audio","Entre 4 et 8 heures","Homme","CPGE","3.3","Je fais du sport","3","Oui"
"2020/02/04 5:48:37 PM UTC+1","Oui","Latino","Depuis le coll√®ge","Pop/Commercial","Depuis le coll√®ge","Plateforme plus vari√©e (YouTube, Soundcloud...)","Voiture","Entre 1 et 2 heures","Femme","CPGE","3.1","Les deux","2","Oui"
"2020/02/04 5:51:27 PM UTC+1","Oui","Pop/Commercial","Depuis ma prime jeunesse","Classique","Depuis le lyc√©e","Plateforme de streaming classique (Spotify, Deezer, Apple Music...)","√âcouteurs","Entre 1 et 2 heures","Femme","CPGE","3","Les deux","1","Oui"
"2020/02/04 5:51:30 PM UTC+1","Oui","Pop/Commercial","Depuis le lyc√©e","Bandes originales de films/jeux vid√©os","Depuis le coll√®ge","Plateforme de streaming classique (Spotify, Deezer, Apple Music...)","Enceinte","Entre 4 et 8 heures","Femme","DUT","3.2","Je fais du sport","2","Non"
"2020/02/04 5:51:36 PM UTC+1","Bien s√ªr","Rock/Metal","Depuis le coll√®ge","Jazz","Depuis mon arriv√©e aux Mines d'Al√®s","Plateforme de streaming classique (Spotify, Deezer, Apple Music...)","√âcouteurs","Entre 2 et 4 heures","Homme","Ing√©nieur(Pardon je ne sais pas lequel choisir)","3.3","Je fais du sport","4","Non"
"2020/02/04 5:52:45 PM UTC+1","Bien s√ªr","Rock/Metal","Depuis ma prime jeunesse","Pop/Commercial","Depuis le coll√®ge","Plateforme de streaming classique (Spotify, Deezer, Apple Music...)","Casque audio","Plus de 8 heures","Homme","CPGE","3.6","Je fais du sport","3","Oui"
"2020/02/04 5:54:26 PM UTC+1","Oui","Indie, musique traditionnelle br√©silienne","Depuis le lyc√©e","Rap/Musique de type street","Depuis ma prime jeunesse","Plateforme de streaming classique (Spotify, Deezer, Apple Music...)","√âcouteurs","Entre 2 et 4 heures","Homme","Universit√© F√©d√©rale - Br√©sil","2.9","Les deux","3","Oui"
"2020/02/04 5:54:46 PM UTC+1","Oui","Pop/Commercial","Depuis le lyc√©e","Chanson francaise","Depuis le lyc√©e","Plateforme plus vari√©e (YouTube, Soundcloud...)","Voiture","Moins d'une heure","Homme","CPGE","3.1","Je fais du sport","1","Non"
"2020/02/04 5:56:50 PM UTC+1","Oui","Rap/Musique de type street","Depuis le coll√®ge","Pop/Commercial","Depuis ma prime jeunesse","Plateforme de streaming classique (Spotify, Deezer, Apple Music...)","Enceinte","Plus de 8 heures","Homme","CPGE","3.0","Je fais du sport","1","Non"
"2020/02/04 5:58:55 PM UTC+1","Oui","Pop/Commercial","Depuis le lyc√©e","","","Plateforme de streaming classique (Spotify, Deezer, Apple Music...)","√âcouteurs","Plus de 8 heures","Femme","CPGE","?","Je fais du sport","1","Non"
"2020/02/04 6:05:15 PM UTC+1","Bien s√ªr","Rock/Metal","Depuis le lyc√©e","Bandes originales de films/jeux vid√©os","Depuis le lyc√©e","Plateforme de streaming classique (Spotify, Deezer, Apple Music...)","Casque audio","Moins d'une heure","Homme","CPGE","3.3","Aucun des deux","2","Oui"
"2020/02/04 6:06:56 PM UTC+1","Oui","Pop/Commercial","Depuis le coll√®ge","Rap/Musique de type street","Depuis le lyc√©e","Plateforme de streaming classique (Spotify, Deezer, Apple Music...)","√âcouteurs","Entre 2 et 4 heures","Homme","CPGE","3.32","Les deux","4","Oui"
"2020/02/04 6:09:52 PM UTC+1","Bien s√ªr","Pop/Commercial","Depuis l'entr√©e en √©tudes sup√©rieures","Rap/Musique de type street","Depuis l'entr√©e en √©tudes sup√©rieures","Plateforme de streaming classique (Spotify, Deezer, Apple Music...)","√âcouteurs","Entre 2 et 4 heures","Homme","CPGE","1A","Je fais du sport","3","Non"
"2020/02/04 6:13:18 PM UTC+1","Bien s√ªr","Rock/Metal","Depuis le coll√®ge","un peu de tout, selon le contexte et les gens pr√©sents","","Plateforme plus vari√©e (YouTube, Soundcloud...)","Casque audio","Plus de 8 heures","Homme","DUT","2.5","Les deux","3","Je suis salari√©"
"2020/02/04 6:16:47 PM UTC+1","Oui","Pop/Commercial","Depuis le lyc√©e","","","Radio","Voiture","Entre 1 et 2 heures","Femme","CPGE","Aucune id√©e ","Je fais du sport","2","Non"
"2020/02/04 6:17:29 PM UTC+1","Bien s√ªr","Rap/Musique de type street","Depuis le coll√®ge","Pop/Commercial","Depuis ma prime jeunesse","Plateforme de streaming classique (Spotify, Deezer, Apple Music...)","Voiture","Entre 2 et 4 heures","Homme","CPGE","3.4","Je fais du sport","3","Non"
"2020/02/04 6:23:02 PM UTC+1","Oui","Reggae","Depuis le coll√®ge","Pop/Commercial","Depuis le coll√®ge","Plateforme plus vari√©e (YouTube, Soundcloud...)","Voiture","Entre 2 et 4 heures","Homme","CPGE","4.5","Je fais du sport","2","Non"
"2020/02/04 6:34:58 PM UTC+1","Oui","Pop/Commercial","Depuis ma prime jeunesse","","","Plateforme plus vari√©e (YouTube, Soundcloud...)","Enceinte","Entre 1 et 2 heures","Homme","CPGE","3.8","Aucun des deux","1","Oui"
"2020/02/04 6:42:30 PM UTC+1","Bien s√ªr","Pop/Commercial","Depuis ma prime jeunesse","Reggae","Depuis le coll√®ge","Radio","Voiture","Moins d'une heure","Femme","CPGE","3.6","Je fais du sport","1","Oui"
"2020/02/04 6:45:28 PM UTC+1","Bien s√ªr","Rock/Metal","Depuis ma prime jeunesse","Musique √©lectronique","Depuis mon arriv√©e aux Mines d'Al√®s","Achat d'albums physiques / d√©mat√©rialis√©s","Casque audio","Plus de 8 heures","Homme","CPGE","3.0","Je joue d'un instrument","2","Oui"
"2020/02/04 6:51:46 PM UTC+1","Oui","Rap/Musique de type street","Depuis ma prime jeunesse","Rock/Metal","Depuis ma prime jeunesse","Plateforme de streaming classique (Spotify, Deezer, Apple Music...)","Tous","Plus de 8 heures","Homme","CPGE","3.0","Je fais du sport","2","Non"
"2020/02/04 7:02:40 PM UTC+1","Bien s√ªr","Rap/Musique de type street","Depuis le lyc√©e","Pop/Commercial","Depuis le lyc√©e","Plateforme plus vari√©e (YouTube, Soundcloud...)","√âcouteurs","Entre 1 et 2 heures","Homme","CPGE","3.08","Les deux","2","Non"
"2020/02/04 7:03:07 PM UTC+1","Oui","Pop/Commercial","Depuis ma prime jeunesse","Vari√©t√© fran√ßaise","Depuis le coll√®ge","Plateforme plus vari√©e (YouTube, Soundcloud...)","Enceinte","Plus de 8 heures","Femme","CPGE","3.2","Je fais du sport","2","Oui"
"2020/02/04 7:03:27 PM UTC+1","Oui","Indochine yeahhh","Depuis le lyc√©e","Pop/Commercial","Depuis le coll√®ge","Plateforme plus vari√©e (YouTube, Soundcloud...)","Enceinte","Entre 4 et 8 heures","Femme","Fac","C‚Äôest quoi √ßa :‚Äô)","Je fais du sport","3","Je suis salari√©"
"2020/02/04 7:05:59 PM UTC+1","Bien s√ªr","Pop/Commercial","Depuis le lyc√©e","Rock/Metal","Depuis l'entr√©e en √©tudes sup√©rieures","Plateforme de streaming classique (Spotify, Deezer, Apple Music...)","√âcouteurs","Entre 1 et 2 heures","Femme","CPGE","Je suis en 1A lol","Je fais du sport","4","Non"
"2020/02/04 7:07:16 PM UTC+1","Bien s√ªr","Rap/Musique de type street","Depuis le coll√®ge","Rock/Metal","Depuis le coll√®ge","Plateforme de streaming classique (Spotify, Deezer, Apple Music...)","√âcouteurs","Plus de 8 heures","Homme","DUT","3.0","Je fais du sport","3","Je suis salari√©"
"2020/02/04 7:11:21 PM UTC+1","Oui","Rap/Musique de type street","Depuis le lyc√©e","Rock/Metal","Depuis le lyc√©e","Plateforme de streaming classique (Spotify, Deezer, Apple Music...)","√âcouteurs","Entre 4 et 8 heures","Femme","CPGE","3.2","Je joue d'un instrument","3","Non"
"2020/02/04 7:12:27 PM UTC+1","Oui","Rap/Musique de type street","Depuis l'entr√©e en √©tudes sup√©rieures","Reggae","Depuis le coll√®ge","Plateforme de streaming classique (Spotify, Deezer, Apple Music...)","Enceinte","Plus de 8 heures","Homme","DUT","2.7","Aucun des deux","4","Non"
"2020/02/04 7:19:34 PM UTC+1","Oui","Rock/Metal","Depuis le coll√®ge","Pop/Commercial","Depuis le lyc√©e","Plateforme de streaming classique (Spotify, Deezer, Apple Music...)","Enceinte","Entre 4 et 8 heures","Homme","DUT","3.5","Je fais du sport","2","Je suis salari√©"
"2020/02/04 7:20:28 PM UTC+1","Oui","Bandes originales de films/jeux vid√©os","Depuis le lyc√©e","Jazz","Depuis l'entr√©e en √©tudes sup√©rieures","Plateforme plus vari√©e (YouTube, Soundcloud...)","Casque audio","Entre 4 et 8 heures","Homme","CPGE","C‚Äôest quoi ?","Je fais du sport","1","Je suis salari√©"
"2020/02/04 7:26:01 PM UTC+1","Oui","Pop/Commercial","Depuis l'entr√©e en √©tudes sup√©rieures","Rap/Musique de type street","Depuis l'entr√©e en √©tudes sup√©rieures","Plateforme de streaming classique (Spotify, Deezer, Apple Music...)","√âcouteurs","Entre 1 et 2 heures","Femme","CPGE","3.6","Je fais du sport","2","Non"
"2020/02/04 7:29:50 PM UTC+1","Bien s√ªr","Pop/Commercial","Depuis le coll√®ge","Rap/Musique de type street","Depuis le lyc√©e","Plateforme de streaming classique (Spotify, Deezer, Apple Music...)","Enceinte","Entre 1 et 2 heures","Homme","CPGE","3.35","Je fais du sport","3","Non"
"2020/02/04 7:35:44 PM UTC+1","Bien s√ªr","Rock/Metal","Depuis ma prime jeunesse","Pop/Commercial","Depuis le lyc√©e","Plateforme plus vari√©e (YouTube, Soundcloud...)","√âcouteurs","Entre 2 et 4 heures","Femme","Autre grande √©cole","3.5","Aucun des deux","1","Non"
"2020/02/04 7:38:38 PM UTC+1","Oui","Pop/Commercial","Depuis ma prime jeunesse","Rap/Musique de type street","Depuis l'entr√©e en √©tudes sup√©rieures","Plateforme de streaming classique (Spotify, Deezer, Apple Music...)","Enceinte","Entre 1 et 2 heures","Femme","Autre grande √©cole","3,67","Je fais du sport","3","Non"
"2020/02/04 7:41:28 PM UTC+1","Oui","Pop/Commercial","Depuis le coll√®ge","Ann√©e 80/90","Depuis ma prime jeunesse","Radio","Voiture","Entre 1 et 2 heures","Femme","Autre grande √©cole","3,7","Je fais du sport","1","Oui"
"2020/02/04 7:50:07 PM UTC+1","Bien s√ªr","La musique √©cossaise ","Depuis ma prime jeunesse","L‚Äòorgue (dans les √©glises vous savez)","Depuis mon arriv√©e aux Mines d'Al√®s","Plateforme plus vari√©e (YouTube, Soundcloud...)","Les 4 en m√™me temps","Plus de 8 heures","Femme","Primaire","Proche du n√©ant ","Aucun des deux","2","Non"
"2020/02/04 7:54:14 PM UTC+1","Bien s√ªr","Vari√©t√© fran√ßaise ","Depuis l'entr√©e en √©tudes sup√©rieures","Vieux rock","Depuis le coll√®ge","Plateforme de streaming classique (Spotify, Deezer, Apple Music...)","Orgue de barbarie ","Entre 4 et 8 heures","Homme","Autre grande √©cole","3.6","Aucun des deux","3","Non"
"2020/02/04 7:57:26 PM UTC+1","Bien s√ªr","Bandes originales de films/jeux vid√©os","Depuis le lyc√©e","Rock/Metal","Depuis ma prime jeunesse","Plateforme de streaming classique (Spotify, Deezer, Apple Music...)","√âcouteurs","Plus de 8 heures","Homme","DUT","14","Les deux","2","Je suis salari√©"
"2020/02/04 7:58:45 PM UTC+1","Oui","Musique √©lectronique","Depuis le coll√®ge","Rock/Metal","Depuis mon arriv√©e aux Mines d'Al√®s","Plateforme de streaming classique (Spotify, Deezer, Apple Music...)","Enceinte","Plus de 8 heures","Homme","CPGE","3.7","Je fais du sport","3","Non"
"2020/02/04 8:05:40 PM UTC+1","Bien s√ªr","Rock/Metal","Depuis ma prime jeunesse","Rap/Musique de type street","Depuis l'entr√©e en √©tudes sup√©rieures","Plateforme de streaming classique (Spotify, Deezer, Apple Music...)","Casque audio","Plus de 8 heures","Homme","CPGE","Aucune id√©e jsuis en 1a","Je fais du sport","3","Non"
"2020/02/04 8:11:46 PM UTC+1","Bien s√ªr","Pop/Commercial","Depuis ma prime jeunesse","Classique","Depuis l'entr√©e en √©tudes sup√©rieures","Plateforme de streaming classique (Spotify, Deezer, Apple Music...)","√âcouteurs","Plus de 8 heures","Femme","CPGE","3.4","Je fais du sport","1","Non"
"2020/02/04 8:25:35 PM UTC+1","Oui","Musique √©lectronique","Depuis mon arriv√©e aux Mines d'Al√®s","Classique ! (honte √† vous de pas l'avoir propos√©)","Depuis ma prime jeunesse","Plateforme de streaming classique (Spotify, Deezer, Apple Music...)","Casque audio","Entre 2 et 4 heures","Homme","CPGE","3.1","Je joue d'un instrument","1","Oui"
"2020/02/04 8:28:44 PM UTC+1","Bien s√ªr","Rap/Musique de type street","Depuis le lyc√©e","Pop/Commercial","Depuis le lyc√©e","Plateforme de streaming classique (Spotify, Deezer, Apple Music...)","√âcouteurs","Entre 2 et 4 heures","Homme","DUT","3.0","Aucun des deux","4","Je suis salari√©"
"2020/02/04 8:30:54 PM UTC+1","Oui","Rap/Musique de type street","Depuis l'entr√©e en √©tudes sup√©rieures","Musique √©lectronique","Depuis le lyc√©e","Plateforme de streaming classique (Spotify, Deezer, Apple Music...)","Enceinte","Plus de 8 heures","Homme","CPGE","3.0","Je fais du sport","1","Oui"
"2020/02/04 8:37:47 PM UTC+1","Bien s√ªr","Musique locale de mon pays ","Depuis ma prime jeunesse","Pop/Commercial","Depuis le coll√®ge","Plateforme plus vari√©e (YouTube, Soundcloud...)","Enceinte","Entre 2 et 4 heures","Femme","Autre grande √©cole","3,12","Aucun des deux","2","Oui"
"2020/02/04 9:09:48 PM UTC+1","Bien s√ªr","Rock/Metal","Depuis le lyc√©e","Reggae","Depuis le lyc√©e","Plateforme plus vari√©e (YouTube, Soundcloud...)","Enceinte","Plus de 8 heures","Homme","CPGE","3","Les deux","1","Oui"
"2020/02/04 9:27:27 PM UTC+1","Oui","Rock/Metal","Depuis le lyc√©e","Musique √©lectronique","Depuis le lyc√©e","Plateforme plus vari√©e (YouTube, Soundcloud...)","Casque audio","Entre 2 et 4 heures","Homme","CPGE","3.0","Aucun des deux","3","Oui"
"2020/02/04 9:36:30 PM UTC+1","Oui","Pop/Commercial","Depuis le lyc√©e","Rap/Musique de type street","Depuis l'entr√©e en √©tudes sup√©rieures","Plateforme plus vari√©e (YouTube, Soundcloud...)","Casque audio","Entre 2 et 4 heures","Femme","CPGE","Je sais pas encore ^^","Les deux","3","Non"
"2020/02/04 9:52:00 PM UTC+1","Oui","Pop/Commercial","Depuis ma prime jeunesse","Rap/Musique de type street","Depuis ma prime jeunesse","Radio","Voiture","Entre 1 et 2 heures","Femme","CPGE","3.5","Je fais du sport","3","Oui"
"2020/02/04 10:04:36 PM UTC+1","Bien s√ªr","Rap/Musique de type street","Depuis le coll√®ge","Musique √©lectronique","Depuis le coll√®ge","Plateforme de streaming classique (Spotify, Deezer, Apple Music...)","Casque audio","Entre 4 et 8 heures","Homme","Fac","3.2","Je fais du sport","4","Oui"
"2020/02/04 10:06:28 PM UTC+1","Bien s√ªr","musique classique","Depuis ma prime jeunesse","Rock/Metal","Depuis le lyc√©e","Plateforme de streaming classique (Spotify, Deezer, Apple Music...)","√âcouteurs","Plus de 8 heures","Femme","BTS","3.5","Les deux","3","Oui"
"2020/02/04 10:31:46 PM UTC+1","Oui","Rap/Musique de type street","Depuis mon arriv√©e aux Mines d'Al√®s","Rock/Metal","Depuis le coll√®ge","Plateforme de streaming classique (Spotify, Deezer, Apple Music...)","√âcouteurs","Plus de 8 heures","Homme","DUT","3.3","Les deux","2","Je suis salari√©"
"2020/02/04 10:56:23 PM UTC+1","Oui","Rock et Pop japonaise","Depuis le lyc√©e","Pop/Commercial","Depuis ma prime jeunesse","Plateforme plus vari√©e (YouTube, Soundcloud...)","√âcouteurs","Plus de 8 heures","Homme","CPGE","3","Je joue d'un instrument","1","Non"
"2020/02/04 11:09:46 PM UTC+1","Oui","Musique √©lectronique","Depuis le lyc√©e","Rock/Metal","Depuis le coll√®ge","Plateforme plus vari√©e (YouTube, Soundcloud...)","Enceinte","Plus de 8 heures","Homme","CPGE","3.3","Les deux","1","Oui"
"2020/02/04 11:15:40 PM UTC+1","Bien s√ªr","Pop/Commercial","Depuis ma prime jeunesse","Rap/Musique de type street","Depuis le coll√®ge","Plateforme plus vari√©e (YouTube, Soundcloud...)","√âcouteurs","Entre 4 et 8 heures","Homme","CPGE","2.90","Je fais du sport","4","Oui"
"2020/02/04 11:21:39 PM UTC+1","Bien s√ªr","Rock/Metal","Depuis ma prime jeunesse","Pop/Commercial","Depuis l'entr√©e en √©tudes sup√©rieures","Plateforme de streaming classique (Spotify, Deezer, Apple Music...)","Casque audio","Plus de 8 heures","Homme","Mon universit√© d'origine au Br√©sil","2.88","Je fais du sport","4","Non"
"2020/02/05 12:05:30 AM UTC+1","Oui","Bandes originales de films/jeux vid√©os","Depuis le lyc√©e","Rock/Metal","Depuis le coll√®ge","Plateforme plus vari√©e (YouTube, Soundcloud...)","Casque audio","Entre 1 et 2 heures","Femme","CPGE","2.8","Aucun des deux","3","Non"
"2020/02/05 1:14:55 AM UTC+1","Oui","Pop/Commercial","Depuis le coll√®ge","Bandes originales de films/jeux vid√©os","Depuis le lyc√©e","Plateforme de streaming classique (Spotify, Deezer, Apple Music...)","√âcouteurs","Entre 1 et 2 heures","Homme","CPGE","je n en ai pas bordel je suis en 1A","Je fais du sport","4","Non"
"2020/02/05 7:10:48 AM UTC+1","Bien s√ªr","Pop/Commercial","Depuis le coll√®ge","Rap/Musique de type street","Depuis l'entr√©e en √©tudes sup√©rieures","Plateforme de streaming classique (Spotify, Deezer, Apple Music...)","√âcouteurs","Plus de 8 heures","Femme","Fac",".","Aucun des deux","3","Oui"
"2020/02/05 7:54:45 AM UTC+1","Oui","Rap/Musique de type street","Depuis l'entr√©e en √©tudes sup√©rieures","Pop/Commercial","Depuis le coll√®ge","Plateforme de streaming classique (Spotify, Deezer, Apple Music...)","Enceinte","Plus de 8 heures","Homme","CPGE","3.2","Je fais du sport","1","Non"
"2020/02/05 8:20:16 AM UTC+1","Oui","Rap/Musique de type street","Depuis l'entr√©e en √©tudes sup√©rieures","Rock/Metal","Depuis le coll√®ge","Plateforme de streaming classique (Spotify, Deezer, Apple Music...)","Enceinte","Plus de 8 heures","Femme","CPGE","3.1","Je fais du sport","2","Non"
"2020/02/05 8:45:54 AM UTC+1","Oui","Rock/Metal","Depuis le lyc√©e","Musique √©lectronique","Depuis mon arriv√©e aux Mines d'Al√®s","Via des fichiers MP3 obtenus par des moyens chaloup√©","Voiture","Entre 4 et 8 heures","Homme","CPGE","2.9","Les deux","3","Oui"
"2020/02/05 8:47:26 AM UTC+1","Oui","Rap/Musique de type street","Depuis le lyc√©e","Pop/Commercial","Depuis le coll√®ge","Plateforme de streaming classique (Spotify, Deezer, Apple Music...)","Casque audio","Plus de 8 heures","Homme","DUT","3.5","Je fais du sport","2","Je suis salari√©"
"2020/02/05 8:56:21 AM UTC+1","Bien s√ªr","Rap/Musique de type street","Depuis ma prime jeunesse","Pop/Commercial","Depuis ma prime jeunesse","Plateforme de streaming classique (Spotify, Deezer, Apple Music...)","√âcouteurs","Plus de 8 heures","Homme","CPGE","2.8","Je fais du sport","3","Oui"
"2020/02/05 8:57:40 AM UTC+1","Oui","Rock/Metal","Depuis le lyc√©e","Bandes originales de films/jeux vid√©os","Depuis l'entr√©e en √©tudes sup√©rieures","Plateforme plus vari√©e (YouTube, Soundcloud...)","√âcouteurs","Entre 4 et 8 heures","Homme","CPGE","3.7","Aucun des deux","2","Non"
"2020/02/05 9:01:50 AM UTC+1","Oui","Pop/Commercial","Depuis le lyc√©e","Bandes originales de films/jeux vid√©os","Depuis le coll√®ge","Plateforme de streaming classique (Spotify, Deezer, Apple Music...)","Casque audio","Entre 1 et 2 heures","Femme","CPGE","Je ne sais pas","Je fais du sport","3","Non"
"2020/02/05 9:05:21 AM UTC+1","Oui","Rock/Metal","Depuis ma prime jeunesse","Rap/Musique de type street","Depuis l'entr√©e en √©tudes sup√©rieures","Plateforme de streaming classique (Spotify, Deezer, Apple Music...)","Enceinte","Plus de 8 heures","Homme","CPGE","3.6","Les deux","2","Oui"
"2020/02/05 9:08:20 AM UTC+1","Bien s√ªr","Pop/Commercial","Depuis le lyc√©e","Chanson fran√ßaise","Depuis le coll√®ge","Plateforme de streaming classique (Spotify, Deezer, Apple Music...)","Enceinte","Plus de 8 heures","Femme","CPGE","2.8","Je fais du sport","3","Non"
"2020/02/05 9:09:04 AM UTC+1","Bien s√ªr","Rock/Metal","Depuis le lyc√©e","Musique √©lectronique","Depuis l'entr√©e en √©tudes sup√©rieures","Plateforme de streaming classique (Spotify, Deezer, Apple Music...)","Casque audio","Entre 4 et 8 heures","Homme","DUT","0","Je fais du sport","1","Je suis salari√©"
"2020/02/05 9:15:16 AM UTC+1","Oui","Musique de tchoin #AyaLeS","Depuis ma prime jeunesse","Pop/Commercial","Depuis ma prime jeunesse","Plateforme de streaming classique (Spotify, Deezer, Apple Music...)","√âcouteurs","Entre 2 et 4 heures","Femme","CPGE","3.25","Je fais du sport","2","Non"
"2020/02/05 9:20:02 AM UTC+1","Bien s√ªr","Techno, trans etc qui fait boum boum","Depuis mon arriv√©e aux Mines d'Al√®s","Stupeflip, Polo&Pan, Glass Animals...","Depuis l'entr√©e en √©tudes sup√©rieures","Plateforme de streaming classique (Spotify, Deezer, Apple Music...)","Enceinte","Entre 1 et 2 heures","Homme","CPGE","3.2","Je fais du sport","4","Non"
"2020/02/05 9:21:47 AM UTC+1","Bien s√ªr","Rock/Metal","Depuis ma prime jeunesse","Pop/Commercial","Depuis le coll√®ge","Plateforme de streaming classique (Spotify, Deezer, Apple Music...)","Tous ces supports","Entre 4 et 8 heures","Femme","CPGE","3.0","Je fais du sport","3","Non"
"2020/02/05 9:23:46 AM UTC+1","Oui","Rap/Musique de type street","Depuis le coll√®ge","Classique","Depuis l'entr√©e en √©tudes sup√©rieures","Plateforme de streaming classique (Spotify, Deezer, Apple Music...)","Enceinte","Entre 1 et 2 heures","Homme","CPGE","3.4","Je fais du sport","3","Non"
"2020/02/05 9:25:18 AM UTC+1","Oui","Pop/Commercial","Depuis mon arriv√©e aux Mines d'Al√®s","Rock/Metal","Depuis le coll√®ge","Plateforme de streaming classique (Spotify, Deezer, Apple Music...)","Enceinte","Plus de 8 heures","Femme","CPGE","3","Je fais du sport","4","Non"
"2020/02/05 9:25:54 AM UTC+1","Oui","Pop/Commercial","Depuis le coll√®ge","Bandes originales de films/jeux vid√©os","Depuis le lyc√©e","Plateforme de streaming classique (Spotify, Deezer, Apple Music...)","Enceinte","Entre 4 et 8 heures","Femme","CPGE","3.1","Je fais du sport","3","Non"
"2020/02/05 9:44:03 AM UTC+1","Oui","Pop/Commercial","Depuis ma prime jeunesse","Rap/Musique de type street","Depuis l'entr√©e en √©tudes sup√©rieures","Plateforme plus vari√©e (YouTube, Soundcloud...)","Enceinte","Entre 1 et 2 heures","Femme","CPGE","3.4","Je fais du sport","4","Non"
"2020/02/05 10:06:27 AM UTC+1","Bien s√ªr","Rock/Metal","Depuis le coll√®ge","Pop/Commercial","Depuis le lyc√©e","Plateforme plus vari√©e (YouTube, Soundcloud...)","√âcouteurs","Entre 2 et 4 heures","Femme","Fac","3.5","Je fais du sport","4","Oui"
"2020/02/05 10:18:10 AM UTC+1","Bien s√ªr","Rock/Metal","Depuis le lyc√©e","Rap/Musique de type street","Depuis l'entr√©e en √©tudes sup√©rieures","Plateforme de streaming classique (Spotify, Deezer, Apple Music...)","Enceinte","Plus de 8 heures","Femme","DUT","3.2","Je fais du sport","2","Je suis salari√©"
"2020/02/05 10:33:59 AM UTC+1","Oui","Rock/Metal","Depuis le coll√®ge","Bandes originales de films/jeux vid√©os","Depuis le lyc√©e","Plateforme plus vari√©e (YouTube, Soundcloud...)","Casque audio","Entre 4 et 8 heures","Femme","Autre grande √©cole","Ne sais pas","Je fais du sport","2","Non"
"2020/02/05 10:56:05 AM UTC+1","Oui","Pop/Commercial","Depuis ma prime jeunesse","Bandes originales de films/jeux vid√©os","Depuis le lyc√©e","Plateforme plus vari√©e (YouTube, Soundcloud...)","Enceinte","Entre 2 et 4 heures","Femme","CPGE","3.5","Les deux","2","Non"
"2020/02/05 11:00:14 AM UTC+1","Bien s√ªr","Rap/Musique de type street","Depuis le coll√®ge","Psytrance (pour moi c‚Äôest diff√©rent de musique √©lectronique)","Depuis l'entr√©e en √©tudes sup√©rieures","Plateforme de streaming classique (Spotify, Deezer, Apple Music...)","Enceinte","Entre 2 et 4 heures","Homme","CPGE","3","Aucun des deux","3","Je suis salari√©"
"2020/02/05 11:32:40 AM UTC+1","Bien s√ªr","Rock/Metal","Depuis ma prime jeunesse","Pop/Commercial","Depuis le coll√®ge","Plateforme plus vari√©e (YouTube, Soundcloud...)","Voiture","Entre 1 et 2 heures","Femme","DUT","1","Les deux","3","Je suis salari√©"
"2020/02/05 11:43:52 AM UTC+1","Oui","Techno indus - Trap US - Jazz - ","Depuis l'entr√©e en √©tudes sup√©rieures","","","Plateforme plus vari√©e (YouTube, Soundcloud...)","Enceinte","Entre 4 et 8 heures","Homme","CPGE","3,5","Je fais du sport","2","Non"
"2020/02/05 11:53:05 AM UTC+1","Oui","Pop/Commercial","Depuis le lyc√©e","Rock/Metal","Depuis le coll√®ge","Plateforme plus vari√©e (YouTube, Soundcloud...)","Ordinateur","Entre 2 et 4 heures","Homme","CPGE","3,6","Je fais du sport","2","Oui"
"2020/02/05 12:00:53 PM UTC+1","Oui","Rap/Musique de type street","Depuis le lyc√©e","Pop/Commercial","Depuis le coll√®ge","Plateforme de streaming classique (Spotify, Deezer, Apple Music...)","Enceinte","Entre 2 et 4 heures","Femme","CPGE","3","Les deux","1","Oui"
"2020/02/05 12:10:53 PM UTC+1","Bien s√ªr","Rock/Metal","Depuis ma prime jeunesse","Musique √©lectronique","Depuis mon arriv√©e aux Mines d'Al√®s","Achat d'albums physiques / d√©mat√©rialis√©s","Casque audio","Plus de 8 heures","Homme","CPGE","3.0","Je joue d'un instrument","2","Oui"
"2020/02/05 12:49:46 PM UTC+1","Oui","Rap/Musique de type street","Depuis le lyc√©e","Musique √©lectronique","Depuis l'entr√©e en √©tudes sup√©rieures","Plateforme de streaming classique (Spotify, Deezer, Apple Music...)","Enceinte","Plus de 8 heures","Homme","CPGE","2.9","Je fais du sport","2","Oui"
"2020/02/05 1:20:07 PM UTC+1","Oui","Classic","Depuis l'entr√©e en √©tudes sup√©rieures","60s","Depuis le coll√®ge","Plateforme plus vari√©e (YouTube, Soundcloud...)","√âcouteurs","Entre 1 et 2 heures","Homme","admission internationale","12","Aucun des deux","4","Non"
"2020/02/05 1:23:00 PM UTC+1","Oui","Rock/Metal","Depuis le coll√®ge","Rap/Musique de type street","Depuis le lyc√©e","Plateforme de streaming classique (Spotify, Deezer, Apple Music...)","Enceinte","Plus de 8 heures","Homme","CPGE","chaipa autour de 3","Je fais du sport","4","Non"
"2020/02/05 1:28:15 PM UTC+1","Oui","Rock/Metal","Depuis le lyc√©e","Rap/Musique de type street","Depuis le lyc√©e","Plateforme plus vari√©e (YouTube, Soundcloud...)","√âcouteurs","Entre 2 et 4 heures","Homme","Fac","3.1","Les deux","1","Non"
"2020/02/05 1:59:38 PM UTC+1","Bien s√ªr","Pop/Commercial","Depuis le coll√®ge","Rap/Musique de type street","Depuis mon arriv√©e aux Mines d'Al√®s","Plateforme de streaming classique (Spotify, Deezer, Apple Music...)","Voiture","Entre 2 et 4 heures","Homme","CPGE","3.6","Je fais du sport","2","Non"
"2020/02/05 2:10:41 PM UTC+1","Oui","Pop/Commercial","Depuis ma prime jeunesse","Rock/Metal","Depuis l'entr√©e en √©tudes sup√©rieures","Radio","Voiture","Entre 2 et 4 heures","Femme","CPGE","3.4","Je fais du sport","1","Oui"
"2020/02/05 2:28:45 PM UTC+1","Bien s√ªr","Rap/Musique de type street","Depuis ma prime jeunesse","Pop/Commercial","Depuis le coll√®ge","Plateforme de streaming classique (Spotify, Deezer, Apple Music...)","Enceinte","Plus de 8 heures","Femme","CPGE","3.3","Je fais du sport","2","Non"
"2020/02/05 2:43:56 PM UTC+1","Oui","Pop/Commercial","Depuis le coll√®ge","Classique","Depuis le coll√®ge","Plateforme plus vari√©e (YouTube, Soundcloud...)","Enceinte","Entre 4 et 8 heures","Homme","CPGE","3.4","Les deux","3","Non"
"2020/02/05 3:03:35 PM UTC+1","Oui","Rap/Musique de type street","Depuis le coll√®ge","Bandes originales de films/jeux vid√©os","Depuis l'entr√©e en √©tudes sup√©rieures","Plateforme de streaming classique (Spotify, Deezer, Apple Music...)","√âcouteurs","Plus de 8 heures","Homme","CPGE","?","Je fais du sport","1","Oui"
"2020/02/05 3:10:27 PM UTC+1","Bien s√ªr","Rock/Metal","Depuis le coll√®ge","Bandes originales de films/jeux vid√©os","Depuis le coll√®ge","Plateforme de streaming classique (Spotify, Deezer, Apple Music...)","Casque audio et enceinte ","Entre 1 et 2 heures","Homme","CPGE","Aucune id√©e","Je fais du sport","1","Non"
"2020/02/05 3:18:51 PM UTC+1","Oui","Rock/Metal","Depuis l'entr√©e en √©tudes sup√©rieures","Jpop","Depuis le lyc√©e","Plateforme plus vari√©e (YouTube, Soundcloud...)","√âcouteurs","Plus de 8 heures","Femme","CPGE","3.0","Je joue d'un instrument","1","Non"
"2020/02/05 3:24:40 PM UTC+1","Bien s√ªr","Rock/Metal","Depuis le coll√®ge","Pop/Commercial","Depuis le coll√®ge","Plateforme plus vari√©e (YouTube, Soundcloud...)","Enceinte","Entre 4 et 8 heures","Homme","DUT","3.3","Les deux","1","Je suis salari√©"
"2020/02/05 3:37:56 PM UTC+1","Oui","Pop/Commercial","Depuis ma prime jeunesse","Rap/Musique de type street","Depuis le lyc√©e","Plateforme de streaming classique (Spotify, Deezer, Apple Music...)","√âcouteurs","Entre 4 et 8 heures","Femme","CPGE","3.1","Je fais du sport","1","Oui"
"2020/02/05 3:38:58 PM UTC+1","Oui","Pop/Commercial","Depuis ma prime jeunesse","Rap/Musique de type street","Depuis le lyc√©e","Plateforme de streaming classique (Spotify, Deezer, Apple Music...)","√âcouteurs","Entre 2 et 4 heures","Femme","Fac","?","Les deux","3","Non"
"2020/02/05 3:51:50 PM UTC+1","Bien s√ªr","House, Trance, Dance, Techno, Hard","Depuis ma prime jeunesse","Pop/Commercial","Depuis le lyc√©e","Plateforme de streaming classique (Spotify, Deezer, Apple Music...)","Casque audio","Entre 4 et 8 heures","Homme","DUT","3.3","Je fais du sport","3","Je suis salari√©"
"2020/02/05 4:11:35 PM UTC+1","Bien s√ªr","Pop/Commercial","Depuis le coll√®ge","Musique √©lectronique","Depuis le coll√®ge","Plateforme de streaming classique (Spotify, Deezer, Apple Music...)","Casque audio","Plus de 8 heures","Homme","CPGE","Null","Je fais du sport","3","Non"
"2020/02/05 4:12:02 PM UTC+1","Oui","Rock/Metal","Depuis ma prime jeunesse","Rap/Musique de type street","Depuis ma prime jeunesse","Plateforme de streaming classique (Spotify, Deezer, Apple Music...)","Casque audio","Plus de 8 heures","Femme","CPGE","2","Les deux","2","Non"
"2020/02/05 4:47:32 PM UTC+1","Oui","Bandes originales de films/jeux vid√©os","Depuis le coll√®ge","Jazz","Depuis le lyc√©e","Plateforme plus vari√©e (YouTube, Soundcloud...)","Casque audio","Entre 4 et 8 heures","Homme","CPGE","2,8","Je joue d'un instrument","4","Non"
"2020/02/05 5:01:34 PM UTC+1","Oui","Pop/Commercial","Depuis ma prime jeunesse","Rap/Musique de type street","Depuis mon arriv√©e aux Mines d'Al√®s","Plateforme de streaming classique (Spotify, Deezer, Apple Music...)","Enceinte","Entre 4 et 8 heures","Femme","CPGE","3.4","Je fais du sport","3","Non"
"2020/02/05 5:32:35 PM UTC+1","Oui","Jazz","Depuis l'entr√©e en √©tudes sup√©rieures","Rock/Metal","Depuis ma prime jeunesse","Plateforme de streaming classique (Spotify, Deezer, Apple Music...)","Enceinte","Entre 4 et 8 heures","Femme","CPGE","3 ?","Les deux","4","Oui"
"2020/02/05 5:40:10 PM UTC+1","Oui","Bandes originales de films/jeux vid√©os","Depuis le lyc√©e","Reggae","Depuis mon arriv√©e aux Mines d'Al√®s","Plateforme de streaming classique (Spotify, Deezer, Apple Music...)","Enceinte","Plus de 8 heures","Femme","CPGE","2,8","Les deux","4","Non"
"2020/02/05 5:44:08 PM UTC+1","Oui","Pop/Commercial","Depuis l'entr√©e en √©tudes sup√©rieures","Reggae","Depuis mon arriv√©e aux Mines d'Al√®s","Plateforme de streaming classique (Spotify, Deezer, Apple Music...)","Enceinte","Entre 2 et 4 heures","Homme","CPGE","5.52","Je fais du sport","2","Oui"
"2020/02/05 5:46:47 PM UTC+1","Oui","Rock/Metal","Depuis le lyc√©e","Bandes originales de films/jeux vid√©os","Depuis l'entr√©e en √©tudes sup√©rieures","Plateforme plus vari√©e (YouTube, Soundcloud...)","Casque audio","Entre 1 et 2 heures","Homme","CPGE","Je sais po","Les deux","2","Non"
"2020/02/05 5:48:41 PM UTC+1","Oui","Pop/Commercial","Depuis le coll√®ge","","","Plateforme plus vari√©e (YouTube, Soundcloud...)","√âcouteurs","Plus de 8 heures","Homme","CPGE","3","Je fais du sport","2","Oui"
"2020/02/05 5:53:06 PM UTC+1","Oui","Rock/Metal","Depuis ma prime jeunesse","Musique √©lectronique","Depuis le coll√®ge","Plateforme de streaming classique (Spotify, Deezer, Apple Music...)","Enceinte","Entre 4 et 8 heures","Homme","CPGE","3","Les deux","1","Oui"
"2020/02/05 5:53:51 PM UTC+1","Oui","Vari√©t√© fran√ßaise ","Depuis ma prime jeunesse","Pop/Commercial","Depuis ma prime jeunesse","Plateforme de streaming classique (Spotify, Deezer, Apple Music...)","Voiture","Entre 2 et 4 heures","Femme","CPGE","3.0","Je fais du sport","2","Non"
"2020/02/05 5:54:19 PM UTC+1","Oui","Musique √©lectronique","Depuis le lyc√©e","Bandes originales de films/jeux vid√©os","Depuis le lyc√©e","Plateforme plus vari√©e (YouTube, Soundcloud...)","√âcouteurs","Entre 1 et 2 heures","Homme","CPGE","Inconnu","Je fais du sport","3","Non"
"2020/02/05 6:35:24 PM UTC+1","Oui","Pop/Commercial","Depuis ma prime jeunesse","Rap/Musique de type street","Depuis le coll√®ge","Plateforme de streaming classique (Spotify, Deezer, Apple Music...)","Enceinte","Entre 4 et 8 heures","Femme","DUT","?","Les deux","4","Je suis salari√©"
"2020/02/05 8:31:11 PM UTC+1","Bien s√ªr","Pop/Commercial","Depuis le coll√®ge","Rap/Musique de type street","Depuis le lyc√©e","Plateforme de streaming classique (Spotify, Deezer, Apple Music...)","Enceinte","Entre 4 et 8 heures","Homme","CPGE","3.6","Les deux","2","Non"
"2020/02/05 10:03:46 PM UTC+1","Bien s√ªr","Vieux succ√®s Pop,Rock et Pop/Rock actuel","Depuis l'entr√©e en √©tudes sup√©rieures","Musique √©lectronique","Depuis le lyc√©e","Plateforme plus vari√©e (YouTube, Soundcloud...)","Enceinte","Entre 2 et 4 heures","Homme","DUT","j'en sais rien","Je fais du sport","2","Je suis salari√©"
"2020/02/05 10:17:40 PM UTC+1","Oui","Rock/Metal","Depuis le coll√®ge","Rap/Musique de type street","Depuis le lyc√©e","Achat d'albums physiques / d√©mat√©rialis√©s","Enceinte","Plus de 8 heures","Homme","CPGE","2.9","Je fais du sport","1","Non"
"2020/02/06 8:11:00 AM UTC+1","Oui","Pop/Commercial","Depuis le lyc√©e","Reggae","Depuis l'entr√©e en √©tudes sup√©rieures","Plateforme de streaming classique (Spotify, Deezer, Apple Music...)","Enceinte","Entre 4 et 8 heures","Femme","CPGE","3.5","Je fais du sport","2","Non"
"2020/02/06 8:16:34 AM UTC+1","Oui","Pop/Commercial","Depuis ma prime jeunesse","Rap/Musique de type street","Depuis mon arriv√©e aux Mines d'Al√®s","Plateforme plus vari√©e (YouTube, Soundcloud...)","Enceinte","Entre 2 et 4 heures","Femme","CPGE","3,1","Je fais du sport","3","Oui"
"2020/02/06 9:41:49 AM UTC+1","Oui","Rock/Metal","Depuis mon arriv√©e aux Mines d'Al√®s","Pop/Commercial","Depuis l'entr√©e en √©tudes sup√©rieures","Plateforme plus vari√©e (YouTube, Soundcloud...)","√âcouteurs","Entre 1 et 2 heures","Homme","DUT","Oui","Aucun des deux","4","Non"
"2020/02/06 10:11:45 AM UTC+1","Oui","Classique","Depuis le lyc√©e","Jazz","Depuis mon arriv√©e aux Mines d'Al√®s","Plateforme plus vari√©e (YouTube, Soundcloud...)","Enceinte","Plus de 8 heures","Homme","CPGE","3","Les deux","2","Non"
"2020/02/06 10:12:37 AM UTC+1","Oui","Jazz","Depuis le coll√®ge","Pop/Commercial","Depuis le coll√®ge","Plateforme plus vari√©e (YouTube, Soundcloud...)","√âcouteurs","Plus de 8 heures","Homme","CPGE","3.2","Aucun des deux","1","Oui"
"2020/02/06 11:26:24 AM UTC+1","Oui","Rock/Metal","Depuis ma prime jeunesse","Pop/Commercial","Depuis ma prime jeunesse","Achat d'albums physiques / d√©mat√©rialis√©s","Voiture","Entre 2 et 4 heures","Homme","DUT","ü§∑‚Äç‚ôÄÔ∏è","Aucun des deux","3","Je suis salari√©"
"2020/02/06 11:32:16 AM UTC+1","Bien s√ªr","Rap/Musique de type street","Depuis l'entr√©e en √©tudes sup√©rieures","","","Plateforme de streaming classique (Spotify, Deezer, Apple Music...)","Casque audio","Entre 2 et 4 heures","Homme","CPGE","2.9","Je fais du sport","3","Non"
"2020/02/06 12:28:45 PM UTC+1","Oui","Pop/Commercial","Depuis le coll√®ge","Musique √©lectronique","Depuis le lyc√©e","Plateforme de streaming classique (Spotify, Deezer, Apple Music...)","Casque audio","Entre 2 et 4 heures","Homme","CPGE","3,4","Les deux","2","Oui"